module,function,risk,occurrences,cli_support,test_status,notes
aaa,get_authsrv_list,read,2,cli_generic_available,candidate_for_readonly_batch,
aaa,get_authsrv_member_group,read,3,cli_generic_available,candidate_for_readonly_batch,
aaa,get_authsrv_member_role,read,2,cli_generic_available,candidate_for_readonly_batch,
aaa,get_authsrv_member_user,read,3,cli_generic_available,candidate_for_readonly_batch,
addr_blacklist,add_batch_blacklist,write_or_stateful,2,cli_generic_available,not_auto_tested_requires_manual_payload,
addr_blacklist,add_batch_domain_blacklist,write_or_stateful,2,cli_generic_available,not_auto_tested_requires_manual_payload,
addr_blacklist,add_blacklist_ip,write_or_stateful,4,cli_generic_available,not_auto_tested_requires_manual_payload,
addr_blacklist,add_blacklist_mac,write_or_stateful,2,cli_generic_available,not_auto_tested_requires_manual_payload,
addr_blacklist,clear_batch_blacklist_hitnum,write_or_stateful,2,cli_generic_available,not_auto_tested_requires_manual_payload,
addr_blacklist,clear_batch_domain_blacklist_hitnum,write_or_stateful,2,cli_generic_available,not_auto_tested_requires_manual_payload,
addr_blacklist,clear_batch_domain_blacklist_hitnum_all,write_or_stateful,2,cli_generic_available,not_auto_tested_requires_manual_payload,
addr_blacklist,clear_blacklist_hitnum,write_or_stateful,3,cli_generic_available,not_auto_tested_requires_manual_payload,
addr_blacklist,clear_blacklist_hitnum_one,write_or_stateful,3,cli_generic_available,not_auto_tested_requires_manual_payload,
addr_blacklist,del_batch_blacklist,write_or_stateful,2,cli_generic_available,not_auto_tested_requires_manual_payload,
addr_blacklist,del_batch_blacklist_all,write_or_stateful,2,cli_generic_available,not_auto_tested_requires_manual_payload,
addr_blacklist,del_batch_domain_blacklist,write_or_stateful,2,cli_generic_available,not_auto_tested_requires_manual_payload,
addr_blacklist,del_batch_domain_blacklist_all,write_or_stateful,2,cli_generic_available,not_auto_tested_requires_manual_payload,
addr_blacklist,del_blacklist_by_id,write_or_stateful,4,cli_generic_available,not_auto_tested_requires_manual_payload,
addr_blacklist,get_batch_domain_blacklist_commit_status,read,2,cli_generic_available,candidate_for_readonly_batch,
addr_blacklist,get_blacklist_config,read,2,cli_generic_available,candidate_for_readonly_batch,
addr_blacklist,import_batch_blacklist_ip,write_or_stateful,2,cli_generic_available,not_auto_tested_requires_manual_payload,
addr_blacklist,set_batch_blacklist_match_model,write_or_stateful,1,cli_generic_available,not_auto_tested_requires_manual_payload,
addr_blacklist,set_batch_domain_blacklist_commit,write_or_stateful,2,cli_generic_available,not_auto_tested_requires_manual_payload,
addr_blacklist,set_blacklist_match_model,write_or_stateful,2,cli_generic_available,not_auto_tested_requires_manual_payload,
addr_blacklist,show_batch_blacklist,read,2,cli_generic_available,candidate_for_readonly_batch,
addr_blacklist,show_batch_domain_blacklist,read,2,cli_generic_available,candidate_for_readonly_batch,
addr_blacklist,show_blacklist_match_model,read,2,cli_generic_available,candidate_for_readonly_batch,
addr_whitelist,add_whitelist_ip,write_or_stateful,2,cli_generic_available,not_auto_tested_requires_manual_payload,
addr_whitelist,clear_whitelist_hitnum,write_or_stateful,2,cli_generic_available,not_auto_tested_requires_manual_payload,
addr_whitelist,clear_whitelist_hitnum_one,write_or_stateful,2,cli_generic_available,not_auto_tested_requires_manual_payload,
addr_whitelist,del_whitelist_by_id,write_or_stateful,2,cli_generic_available,not_auto_tested_requires_manual_payload,
addr_whitelist,get_whitelist_config,read,2,cli_generic_available,candidate_for_readonly_batch,
addr_whitelist,get_whitelist_config_by_id,read,2,cli_generic_available,candidate_for_readonly_batch,
admin_host,add_admin_host_addr,write_or_stateful,2,cli_generic_available,not_auto_tested_requires_manual_payload,
admin_host,add_admin_mac,write_or_stateful,2,cli_generic_available,not_auto_tested_requires_manual_payload,
admin_host,del_admin_host_addr,write_or_stateful,2,cli_generic_available,not_auto_tested_requires_manual_payload,
admin_host,del_admin_mac,write_or_stateful,2,cli_generic_available,not_auto_tested_requires_manual_payload,
admin_host,get_admin_host,read,2,cli_generic_available,candidate_for_readonly_batch,
admin_host,get_admin_mac,read,2,cli_generic_available,candidate_for_readonly_batch,
admin_host,get_admin_port,read,2,cli_generic_available,candidate_for_readonly_batch,
admin_host,set_admin_port,write_or_stateful,2,cli_generic_available,not_auto_tested_requires_manual_payload,
admin_user,add_admin_user,write_or_stateful,2,cli_generic_available,not_auto_tested_requires_manual_payload,
admin_user,del_admin_user,write_or_stateful,2,cli_generic_available,not_auto_tested_requires_manual_payload,
admin_user,get_admin_user,read,2,cli_generic_available,candidate_for_readonly_batch,
admin_user,get_admin_user_detail,read,2,cli_generic_available,candidate_for_readonly_batch,
admin_user,set_admin_user,write_or_stateful,2,cli_generic_available,not_auto_tested_requires_manual_payload,
alg,get_alg_list,read,2,cli_generic_available,candidate_for_readonly_batch,
alg,set_alg_conf,write_or_stateful,2,cli_generic_available,not_auto_tested_requires_manual_payload,
all,get_ha_compare_cfg,read,1,cli_generic_available,candidate_for_readonly_batch,
app,set_auto_upgrade_immediately,write_or_stateful,1,cli_generic_available,not_auto_tested_requires_manual_payload,
area,set_auto_upgrade_immediately,write_or_stateful,1,cli_generic_available,not_auto_tested_requires_manual_payload,
asset,set_auto_upgrade_immediately,write_or_stateful,1,cli_generic_available,not_auto_tested_requires_manual_payload,
auto_upgrade,set_auto_upgrade_conf,write_or_stateful,2,cli_generic_available,not_auto_tested_requires_manual_payload,
auto_upgrade,set_auto_upgrade_immediately,write_or_stateful,22,cli_generic_available,not_auto_tested_requires_manual_payload,
av,set_auto_upgrade_immediately,write_or_stateful,1,cli_generic_available,not_auto_tested_requires_manual_payload,
av,set_av_add_profile,write_or_stateful,2,cli_generic_available,not_auto_tested_requires_manual_payload,
av,set_av_custom_add,write_or_stateful,2,cli_generic_available,not_auto_tested_requires_manual_payload,
av,set_av_custom_del,write_or_stateful,2,cli_generic_available,not_auto_tested_requires_manual_payload,
av,set_av_del_profile,write_or_stateful,2,cli_generic_available,not_auto_tested_requires_manual_payload,
av,set_av_edit_profile,write_or_stateful,2,cli_generic_available,not_auto_tested_requires_manual_payload,
av,show_av_md5_custom,read,2,cli_generic_available,candidate_for_readonly_batch,
av,show_av_profile,read,2,cli_generic_available,candidate_for_readonly_batch,
cloud_basic,del_cloud_basic_intelligence_info,write_or_stateful,4,cli_generic_available,not_auto_tested_requires_manual_payload,
cloud_basic,show_cld_cloud_basic_abnormal_host_statistics,read,2,cli_generic_available,candidate_for_readonly_batch,
cloud_basic,show_cld_cloud_basic_intelligence_statistics,read,4,cli_generic_available,candidate_for_readonly_batch,
cloud_basic,show_cloud_basic_intelligence_info,read,4,cli_generic_available,candidate_for_readonly_batch,
cloud_notice,get_cloud_notice_msg_num,read,2,cli_generic_available,candidate_for_readonly_batch,
dashboard,get_interface_info,read,4,cli_generic_available,candidate_for_readonly_batch,
dashboard,get_system_info,read,2,cli_generic_available,candidate_for_readonly_batch,
dashboard,get_system_resource,read,2,cli_generic_available,candidate_for_readonly_batch,
decrypt,add_decrypt_bypass_sni_domain,write_or_stateful,2,cli_generic_available,not_auto_tested_requires_manual_payload,
decrypt,add_decrypt_policy,write_or_stateful,2,cli_generic_available,not_auto_tested_requires_manual_payload,
decrypt,add_ssl_decrypt_profile,write_or_stateful,2,cli_generic_available,not_auto_tested_requires_manual_payload,
decrypt,add_ssl_ins_profile,write_or_stateful,2,cli_generic_available,not_auto_tested_requires_manual_payload,
decrypt,clear_decrypt_bypass_sni_domain_hitnum_all,write_or_stateful,4,cli_generic_available,not_auto_tested_requires_manual_payload,
decrypt,clear_decrypt_bypass_sni_domain_hitnum_one,write_or_stateful,2,cli_generic_available,not_auto_tested_requires_manual_payload,
decrypt,del_decrypt_bypass_sni_domain,write_or_stateful,2,cli_generic_available,not_auto_tested_requires_manual_payload,
decrypt,del_decrypt_cert_signer,write_or_stateful,2,cli_generic_available,not_auto_tested_requires_manual_payload,
decrypt,del_decrypt_policy,write_or_stateful,2,cli_generic_available,not_auto_tested_requires_manual_payload,
decrypt,del_ssl_decrypt_profile,write_or_stateful,2,cli_generic_available,not_auto_tested_requires_manual_payload,
decrypt,del_ssl_ins_profile,write_or_stateful,2,cli_generic_available,not_auto_tested_requires_manual_payload,
decrypt,get_decrypt_cert_issue_addr_list,read,2,cli_generic_available,candidate_for_readonly_batch,
decrypt,get_decrypt_certlearn_info,read,2,cli_generic_available,candidate_for_readonly_batch,
decrypt,get_ssl_decrypt_profile,read,2,cli_generic_available,candidate_for_readonly_batch,
decrypt,get_ssl_ins_cert,read,2,cli_generic_available,candidate_for_readonly_batch,
decrypt,get_ssl_ins_profile,read,2,cli_generic_available,candidate_for_readonly_batch,
decrypt,set_decrypt_bypass_sni_domain,write_or_stateful,2,cli_generic_available,not_auto_tested_requires_manual_payload,
decrypt,set_decrypt_cert_issue,write_or_stateful,2,cli_generic_available,not_auto_tested_requires_manual_payload,
decrypt,set_decrypt_cert_trustCA_default,write_or_stateful,2,cli_generic_available,not_auto_tested_requires_manual_payload,
decrypt,set_decrypt_mirror_dport_offset,write_or_stateful,2,cli_generic_available,not_auto_tested_requires_manual_payload,
decrypt,set_decrypt_policy,write_or_stateful,2,cli_generic_available,not_auto_tested_requires_manual_payload,
decrypt,set_decrypt_policy_pri,write_or_stateful,2,cli_generic_available,not_auto_tested_requires_manual_payload,
decrypt,set_ssl_decrypt_profile,write_or_stateful,2,cli_generic_available,not_auto_tested_requires_manual_payload,
decrypt,set_ssl_ins_profile,write_or_stateful,2,cli_generic_available,not_auto_tested_requires_manual_payload,
decrypt,show_decrypt_bypass_sni,read,4,cli_generic_available,candidate_for_readonly_batch,
decrypt,show_decrypt_cert_issue,read,2,cli_generic_available,candidate_for_readonly_batch,
decrypt,show_decrypt_cert_signer,read,4,cli_generic_available,candidate_for_readonly_batch,
decrypt,show_decrypt_cert_trustCA,read,2,cli_generic_available,candidate_for_readonly_batch,
decrypt,show_decrypt_mirror_config,read,2,cli_generic_available,candidate_for_readonly_batch,
decrypt,show_decrypt_policy,read,2,cli_generic_available,candidate_for_readonly_batch,
dns,add_dns_domain_blacklist,write_or_stateful,2,cli_generic_available,not_auto_tested_requires_manual_payload,
dns,add_dns_domain_whitelist,write_or_stateful,2,cli_generic_available,not_auto_tested_requires_manual_payload,
dns,add_dns_honeypot_domain_one,write_or_stateful,2,cli_generic_available,not_auto_tested_requires_manual_payload,
dns,clear_dns_domain_hit_num,write_or_stateful,2,cli_generic_available,not_auto_tested_requires_manual_payload,
dns,del_dns_domain,write_or_stateful,4,cli_generic_available,not_auto_tested_requires_manual_payload,
dns,del_dns_honeypot_domain_one,write_or_stateful,2,cli_generic_available,not_auto_tested_requires_manual_payload,
dns,get_dns_domain_list,read,3,cli_generic_available,candidate_for_readonly_batch,
dns,set_dns_domain_blacklist,write_or_stateful,2,cli_generic_available,not_auto_tested_requires_manual_payload,
dns,set_dns_domain_whitelist,write_or_stateful,2,cli_generic_available,not_auto_tested_requires_manual_payload,
dns,set_dns_honeypot_addr,write_or_stateful,2,cli_generic_available,not_auto_tested_requires_manual_payload,
dns,show_dns_honeypot_addr,read,2,cli_generic_available,candidate_for_readonly_batch,
dns,show_dns_honeypot_domain,read,2,cli_generic_available,candidate_for_readonly_batch,
exploit,set_auto_upgrade_immediately,write_or_stateful,1,cli_generic_available,not_auto_tested_requires_manual_payload,
filetype,set_auto_upgrade_immediately,write_or_stateful,1,cli_generic_available,not_auto_tested_requires_manual_payload,
honeypot_policy,add_honeypot_policy,write_or_stateful,2,cli_generic_available,not_auto_tested_requires_manual_payload,
honeypot_policy,del_honeypot_policy,write_or_stateful,2,cli_generic_available,not_auto_tested_requires_manual_payload,
honeypot_policy,del_honeypot_policy_hitnum,write_or_stateful,4,cli_generic_available,not_auto_tested_requires_manual_payload,
honeypot_policy,get_honeypot_policy,read,2,cli_generic_available,candidate_for_readonly_batch,
honeypot_policy,get_honeypot_policy_filter,read,2,cli_generic_available,candidate_for_readonly_batch,
honeypot_policy,get_honeypot_policy_name,read,2,cli_generic_available,candidate_for_readonly_batch,
honeypot_policy,set_honeypot_policy,write_or_stateful,2,cli_generic_available,not_auto_tested_requires_manual_payload,
honeypot_policy,set_move_honeypot_policy_pri,write_or_stateful,2,cli_generic_available,not_auto_tested_requires_manual_payload,
inter_face,add_bridge,write_or_stateful,2,cli_generic_available,not_auto_tested_requires_manual_payload,
inter_face,add_inf_phy,write_or_stateful,2,cli_generic_available,not_auto_tested_requires_manual_payload,
inter_face,add_vlan_conf,write_or_stateful,2,cli_generic_available,not_auto_tested_requires_manual_payload,
inter_face,del_bridge,write_or_stateful,2,cli_generic_available,not_auto_tested_requires_manual_payload,
inter_face,del_inf_phy,write_or_stateful,2,cli_generic_available,not_auto_tested_requires_manual_payload,
inter_face,del_vlan_conf,write_or_stateful,2,cli_generic_available,not_auto_tested_requires_manual_payload,
inter_face,get_bridge_conf_list,read,4,cli_generic_available,candidate_for_readonly_batch,
inter_face,get_channel_inf_conf,read,2,cli_generic_available,candidate_for_readonly_batch,
inter_face,get_interface_conf,read,2,cli_generic_available,candidate_for_readonly_batch,
inter_face,get_interface_select_list,read,4,cli_generic_available,candidate_for_readonly_batch,
inter_face,get_vlan_conf,read,2,cli_generic_available,candidate_for_readonly_batch,
inter_face,get_vlan_conf_list,read,2,cli_generic_available,candidate_for_readonly_batch,
inter_face,get_vlan_ref_modle,read,2,cli_generic_available,candidate_for_readonly_batch,
inter_face,set_bridge_conf,write_or_stateful,2,cli_generic_available,not_auto_tested_requires_manual_payload,
inter_face,set_if_config_web,write_or_stateful,2,cli_generic_available,not_auto_tested_requires_manual_payload,
inter_face,set_vlan_conf,write_or_stateful,2,cli_generic_available,not_auto_tested_requires_manual_payload,
inter_face,set_vlan_igmp_snooping,write_or_stateful,1,cli_generic_available,not_auto_tested_requires_manual_payload,
inter_face,show_all_interface_web,read,2,cli_generic_available,candidate_for_readonly_batch,
ips,add_ips_profile,write_or_stateful,2,cli_generic_available,not_auto_tested_requires_manual_payload,
ips,add_ips_profile_scene,write_or_stateful,2,cli_generic_available,not_auto_tested_requires_manual_payload,
ips,del_ips_profile,write_or_stateful,2,cli_generic_available,not_auto_tested_requires_manual_payload,
ips,del_ips_profile_scene,write_or_stateful,2,cli_generic_available,not_auto_tested_requires_manual_payload,
ips,get_app_ctl,read,2,cli_generic_available,candidate_for_readonly_batch,
ips,get_app_proto_scene,read,3,cli_generic_available,candidate_for_readonly_batch,
ips,get_defence_scene_class,read,4,cli_generic_available,candidate_for_readonly_batch,
ips,get_defence_type_info,read,2,cli_generic_available,candidate_for_readonly_batch,
ips,get_profile_detail,read,2,cli_generic_available,candidate_for_readonly_batch,
ips,get_profile_info,read,2,cli_generic_available,candidate_for_readonly_batch,
ips,get_profile_info_scene,read,2,cli_generic_available,candidate_for_readonly_batch,
ips,get_scene_class_rules,read,4,cli_generic_available,candidate_for_readonly_batch,
ips,set_app_ctl_proto,write_or_stateful,2,cli_generic_available,not_auto_tested_requires_manual_payload,
ips,set_auto_upgrade_immediately,write_or_stateful,1,cli_generic_available,not_auto_tested_requires_manual_payload,
ips,set_ips_profile,write_or_stateful,2,cli_generic_available,not_auto_tested_requires_manual_payload,
ips,set_ips_profile_scene,write_or_stateful,2,cli_generic_available,not_auto_tested_requires_manual_payload,
ips_sig,add_ips_sig,write_or_stateful,4,cli_generic_available,not_auto_tested_requires_manual_payload,
ips_sig,del_ips_sig,write_or_stateful,4,cli_generic_available,not_auto_tested_requires_manual_payload,
ips_sig,get_ips_sig,read,4,cli_generic_available,candidate_for_readonly_batch,
ips_sig,get_ips_sig_all,read,4,cli_generic_available,candidate_for_readonly_batch,
ips_sig,set_ips_sig,write_or_stateful,4,cli_generic_available,not_auto_tested_requires_manual_payload,
ips_sig,set_ips_sig_commit,write_or_stateful,2,cli_generic_available,not_auto_tested_requires_manual_payload,
ipv6,get_nat64_conf,read,2,cli_generic_available,candidate_for_readonly_batch,
ipv6,set_add_nat64_prefix,write_or_stateful,2,cli_generic_available,not_auto_tested_requires_manual_payload,
ipv6,set_del_nat64_prefix,write_or_stateful,2,cli_generic_available,not_auto_tested_requires_manual_payload,
isp,set_auto_upgrade_immediately,write_or_stateful,1,cli_generic_available,not_auto_tested_requires_manual_payload,
log,get_log_send_template_list,read,2,cli_generic_available,candidate_for_readonly_batch,
log,get_log_syslog_config,read,2,cli_generic_available,candidate_for_readonly_batch,
log,set_log_syslog_config,write_or_stateful,2,cli_generic_available,not_auto_tested_requires_manual_payload,
multicast_snooping,set_vlan_igmp_snooping,write_or_stateful,1,cli_generic_available,not_auto_tested_requires_manual_payload,
nat,add_dnat_conf,write_or_stateful,2,cli_generic_available,not_auto_tested_requires_manual_payload,
nat,add_snat_conf,write_or_stateful,2,cli_generic_available,not_auto_tested_requires_manual_payload,
nat,clear_dnat_hitnum,write_or_stateful,2,cli_generic_available,not_auto_tested_requires_manual_payload,
nat,clear_snat_hitnum,write_or_stateful,2,cli_generic_available,not_auto_tested_requires_manual_payload,
nat,del_dnat_conf,write_or_stateful,2,cli_generic_available,not_auto_tested_requires_manual_payload,
nat,del_snat_conf,write_or_stateful,2,cli_generic_available,not_auto_tested_requires_manual_payload,
nat,get_dnat_conf,read,2,cli_generic_available,candidate_for_readonly_batch,
nat,get_dnat_list,read,2,cli_generic_available,candidate_for_readonly_batch,
nat,get_dnat_list_by_filter,read,2,cli_generic_available,candidate_for_readonly_batch,
nat,get_snat_conf,read,2,cli_generic_available,candidate_for_readonly_batch,
nat,get_snat_list,read,2,cli_generic_available,candidate_for_readonly_batch,
nat,get_snat_list_by_filter,read,2,cli_generic_available,candidate_for_readonly_batch,
nat,get_snat_trans_ip_state,read,2,cli_generic_available,candidate_for_readonly_batch,
nat,get_snat_trans_ip_state_by_filter,read,2,cli_generic_available,candidate_for_readonly_batch,
nat,set_dnat_conf,write_or_stateful,2,cli_generic_available,not_auto_tested_requires_manual_payload,
nat,set_dnat_move,write_or_stateful,2,cli_generic_available,not_auto_tested_requires_manual_payload,
nat,set_dnat_status,write_or_stateful,2,cli_generic_available,not_auto_tested_requires_manual_payload,
nat,set_snat_conf,write_or_stateful,2,cli_generic_available,not_auto_tested_requires_manual_payload,
nat,set_snat_move,write_or_stateful,2,cli_generic_available,not_auto_tested_requires_manual_payload,
nat,set_snat_status,write_or_stateful,2,cli_generic_available,not_auto_tested_requires_manual_payload,
notice,get_notice_info,read,2,cli_generic_available,candidate_for_readonly_batch,
notice,get_notice_num_day,read,2,cli_generic_available,candidate_for_readonly_batch,
ntp,set_ntp_conf,write_or_stateful,2,cli_generic_available,not_auto_tested_requires_manual_payload,
obj_address,add_obj_addr_conf,write_or_stateful,1,cli_generic_available,not_auto_tested_requires_manual_payload,
obj_address,add_obj_addr_group,write_or_stateful,2,cli_generic_available,not_auto_tested_requires_manual_payload,
obj_address,del_obj_addr_conf,write_or_stateful,2,cli_generic_available,not_auto_tested_requires_manual_payload,
obj_address,del_obj_addr_group,write_or_stateful,2,cli_generic_available,not_auto_tested_requires_manual_payload,
obj_address,get_obj_addr_group,read,2,cli_generic_available,candidate_for_readonly_batch,
obj_address,get_obj_addr_list,read,2,cli_generic_available,candidate_for_readonly_batch,
obj_address,set_obj_addr_conf,write_or_stateful,1,cli_generic_available,not_auto_tested_requires_manual_payload,
obj_address,set_obj_addr_group,write_or_stateful,2,cli_generic_available,not_auto_tested_requires_manual_payload,
obj_app,get_search_app_list_for_rule,read,2,cli_generic_available,candidate_for_readonly_batch,
obj_area,add_obj_area_custom,write_or_stateful,2,cli_generic_available,not_auto_tested_requires_manual_payload,
obj_area,del_obj_area_custom,write_or_stateful,2,cli_generic_available,not_auto_tested_requires_manual_payload,
obj_area,export_area_custom,write_or_stateful,2,cli_generic_available,not_auto_tested_requires_manual_payload,
obj_area,get_area_list,read,6,cli_generic_available,candidate_for_readonly_batch,
obj_area,import_area_custom,write_or_stateful,2,cli_generic_available,not_auto_tested_requires_manual_payload,
obj_area,set_obj_area_custom,write_or_stateful,2,cli_generic_available,not_auto_tested_requires_manual_payload,
obj_lkdt,add_obj_lkdt,write_or_stateful,2,cli_generic_available,not_auto_tested_requires_manual_payload,
obj_lkdt,del_obj_lkdt,write_or_stateful,2,cli_generic_available,not_auto_tested_requires_manual_payload,
obj_lkdt,get_obj_lkdt,read,2,cli_generic_available,candidate_for_readonly_batch,
obj_lkdt,get_obj_lkdt_list,read,2,cli_generic_available,candidate_for_readonly_batch,
obj_lkdt,get_obj_lkdt_ref_list,read,2,cli_generic_available,candidate_for_readonly_batch,
obj_lkdt,get_obj_lkdt_textvalue_list,read,2,cli_generic_available,candidate_for_readonly_batch,
obj_lkdt,set_obj_lkdt,write_or_stateful,2,cli_generic_available,not_auto_tested_requires_manual_payload,
obj_sche,add_schedule_conf,write_or_stateful,2,cli_generic_available,not_auto_tested_requires_manual_payload,
obj_sche,del_schedule_conf,write_or_stateful,2,cli_generic_available,not_auto_tested_requires_manual_payload,
obj_sche,get_obj_sche_list,read,2,cli_generic_available,candidate_for_readonly_batch,
obj_sche,set_obj_schedule,write_or_stateful,2,cli_generic_available,not_auto_tested_requires_manual_payload,
obj_server,add_server_conf,write_or_stateful,2,cli_generic_available,not_auto_tested_requires_manual_payload,
obj_server,del_server,write_or_stateful,2,cli_generic_available,not_auto_tested_requires_manual_payload,
obj_server,get_server_conf,read,2,cli_generic_available,candidate_for_readonly_batch,
obj_server,get_server_list,read,2,cli_generic_available,candidate_for_readonly_batch,
obj_server,get_server_search,read,2,cli_generic_available,candidate_for_readonly_batch,
obj_server,set_server_conf,write_or_stateful,2,cli_generic_available,not_auto_tested_requires_manual_payload,
obj_service,add_service_custom,write_or_stateful,2,cli_generic_available,not_auto_tested_requires_manual_payload,
obj_service,add_service_grp,write_or_stateful,2,cli_generic_available,not_auto_tested_requires_manual_payload,
obj_service,del_service_custom,write_or_stateful,2,cli_generic_available,not_auto_tested_requires_manual_payload,
obj_service,del_service_grp,write_or_stateful,2,cli_generic_available,not_auto_tested_requires_manual_payload,
obj_service,get_service_custom,read,2,cli_generic_available,candidate_for_readonly_batch,
obj_service,get_service_grp,read,2,cli_generic_available,candidate_for_readonly_batch,
obj_service,get_service_predef,read,6,cli_generic_available,candidate_for_readonly_batch,
obj_service,set_service_custom,write_or_stateful,1,cli_generic_available,not_auto_tested_requires_manual_payload,
obj_service,set_service_grp,write_or_stateful,3,cli_generic_available,not_auto_tested_requires_manual_payload,
pki,get_pki_gwcert,read,2,cli_generic_available,candidate_for_readonly_batch,
pnf,add_pnf_group,write_or_stateful,2,cli_generic_available,not_auto_tested_requires_manual_payload,
pnf,del_pnf_group,write_or_stateful,2,cli_generic_available,not_auto_tested_requires_manual_payload,
pnf,get_pnf_group_list,read,2,cli_generic_available,candidate_for_readonly_batch,
pnf,get_service_chain_monitor,read,2,cli_generic_available,candidate_for_readonly_batch,
pnf,get_sfc_name_list_bypass,read,2,cli_generic_available,candidate_for_readonly_batch,
pnf,set_pnf_group,write_or_stateful,2,cli_generic_available,not_auto_tested_requires_manual_payload,
pnf,set_pnf_group_bypass,write_or_stateful,2,cli_generic_available,not_auto_tested_requires_manual_payload,
profile_group,add_profile_group,write_or_stateful,2,cli_generic_available,not_auto_tested_requires_manual_payload,
profile_group,del_profile_group,write_or_stateful,2,cli_generic_available,not_auto_tested_requires_manual_payload,
profile_group,get_profile_group,read,2,cli_generic_available,candidate_for_readonly_batch,
profile_group,set_profile_group,write_or_stateful,2,cli_generic_available,not_auto_tested_requires_manual_payload,
qos,add_qos_class_conf,write_or_stateful,2,cli_generic_available,not_auto_tested_requires_manual_payload,
qos,add_qos_line_conf,write_or_stateful,2,cli_generic_available,not_auto_tested_requires_manual_payload,
qos,add_qos_policy_conf,write_or_stateful,2,cli_generic_available,not_auto_tested_requires_manual_payload,
qos,add_qos_root_class_conf,write_or_stateful,2,cli_generic_available,not_auto_tested_requires_manual_payload,
qos,del_qos_class_tree_conf,write_or_stateful,2,cli_generic_available,not_auto_tested_requires_manual_payload,
qos,del_qos_line_conf,write_or_stateful,2,cli_generic_available,not_auto_tested_requires_manual_payload,
qos,del_qos_policy_conf,write_or_stateful,2,cli_generic_available,not_auto_tested_requires_manual_payload,
qos,get_qos_class_quota_use,read,2,cli_generic_available,candidate_for_readonly_batch,
qos,get_qos_policy_list,read,2,cli_generic_available,candidate_for_readonly_batch,
qos,set_qos_class,write_or_stateful,2,cli_generic_available,not_auto_tested_requires_manual_payload,
qos,set_qos_line_interface,write_or_stateful,2,cli_generic_available,not_auto_tested_requires_manual_payload,
qos,set_qos_policy_conf,write_or_stateful,2,cli_generic_available,not_auto_tested_requires_manual_payload,
qos,show_web_qos_class_one,read,2,cli_generic_available,candidate_for_readonly_batch,
qos,show_web_qos_class_tree,read,2,cli_generic_available,candidate_for_readonly_batch,
qos,show_web_qos_line_tree,read,2,cli_generic_available,candidate_for_readonly_batch,
route_policy,add_route_policy,write_or_stateful,2,cli_generic_available,not_auto_tested_requires_manual_payload,
route_policy,del_route_policy,write_or_stateful,2,cli_generic_available,not_auto_tested_requires_manual_payload,
route_policy,del_route_policy_hitnum,write_or_stateful,2,cli_generic_available,not_auto_tested_requires_manual_payload,
route_policy,get_route_policy_list,read,2,cli_generic_available,candidate_for_readonly_batch,
route_policy,set_route_policy_move,write_or_stateful,2,cli_generic_available,not_auto_tested_requires_manual_payload,
route_static,add_route_static,write_or_stateful,2,cli_generic_available,not_auto_tested_requires_manual_payload,
route_static,del_route_static,write_or_stateful,2,cli_generic_available,not_auto_tested_requires_manual_payload,
route_static,get_route_all_list,read,2,cli_generic_available,candidate_for_readonly_batch,
route_static,get_route_single_static,read,2,cli_generic_available,candidate_for_readonly_batch,
route_static,set_route_static,write_or_stateful,2,cli_generic_available,not_auto_tested_requires_manual_payload,
sec_policy,add_sec_policy,write_or_stateful,2,cli_generic_available,not_auto_tested_requires_manual_payload,
sec_policy,add_sec_policy_group,write_or_stateful,2,cli_generic_available,not_auto_tested_requires_manual_payload,
sec_policy,add_sec_policy_learn_task,write_or_stateful,2,cli_generic_available,not_auto_tested_requires_manual_payload,
sec_policy,del_sec_policy,write_or_stateful,2,cli_generic_available,not_auto_tested_requires_manual_payload,
sec_policy,del_sec_policy_group,write_or_stateful,2,cli_generic_available,not_auto_tested_requires_manual_payload,
sec_policy,del_sec_policy_hitnum,write_or_stateful,2,cli_generic_available,not_auto_tested_requires_manual_payload,
sec_policy,del_sec_policy_learn_task,write_or_stateful,2,cli_generic_available,not_auto_tested_requires_manual_payload,
sec_policy,get_sec_learn_policy_name,read,2,cli_generic_available,candidate_for_readonly_batch,
sec_policy,get_sec_policy,read,5,cli_generic_available,candidate_for_readonly_batch,
sec_policy,get_sec_policy_adjacent_merged_info,read,1,cli_generic_available,candidate_for_readonly_batch,
sec_policy,get_sec_policy_export,read,3,cli_generic_available,candidate_for_readonly_batch,
sec_policy,get_sec_policy_group,read,3,cli_generic_available,candidate_for_readonly_batch,
sec_policy,get_sec_policy_group_filter,read,1,cli_generic_available,candidate_for_readonly_batch,
sec_policy,get_sec_policy_group_name,read,2,cli_generic_available,candidate_for_readonly_batch,
sec_policy,get_sec_policy_hitinfo_filter,read,2,cli_generic_available,candidate_for_readonly_batch,
sec_policy,get_sec_policy_include,read,2,cli_generic_available,candidate_for_readonly_batch,
sec_policy,get_sec_policy_name,read,2,cli_generic_available,candidate_for_readonly_batch,
sec_policy,get_sec_policy_part_include,read,2,cli_generic_available,candidate_for_readonly_batch,
sec_policy,get_sec_policy_part_useless,read,2,cli_generic_available,candidate_for_readonly_batch,
sec_policy,get_sec_policy_region_merged_info,read,3,cli_generic_available,candidate_for_readonly_batch,
sec_policy,get_sec_policy_task,read,2,cli_generic_available,candidate_for_readonly_batch,
sec_policy,get_sec_policy_useless,read,2,cli_generic_available,candidate_for_readonly_batch,
sec_policy,get_system_hostname,read,1,cli_generic_available,candidate_for_readonly_batch,
sec_policy,set_move_sec_policy_group_member_pri,write_or_stateful,2,cli_generic_available,not_auto_tested_requires_manual_payload,
sec_policy,set_move_sec_policy_pri,write_or_stateful,2,cli_generic_available,not_auto_tested_requires_manual_payload,
sec_policy,set_sec_policy,write_or_stateful,2,cli_generic_available,not_auto_tested_requires_manual_payload,
sec_policy,set_sec_policy_group,write_or_stateful,2,cli_generic_available,not_auto_tested_requires_manual_payload,
sec_policy,set_sec_policy_group_state,write_or_stateful,2,cli_generic_available,not_auto_tested_requires_manual_payload,
sec_policy,set_sec_policy_import,write_or_stateful,1,cli_generic_available,not_auto_tested_requires_manual_payload,
sec_policy,set_sec_policy_learn_task,write_or_stateful,2,cli_generic_available,not_auto_tested_requires_manual_payload,
sec_policy,set_sec_policy_learn_task_state,write_or_stateful,2,cli_generic_available,not_auto_tested_requires_manual_payload,
sec_policy,set_sec_policy_state,write_or_stateful,2,cli_generic_available,not_auto_tested_requires_manual_payload,
sec_policy,set_sec_policy_task_generate_policy,write_or_stateful,2,cli_generic_available,not_auto_tested_requires_manual_payload,
sfc,add_sfc,write_or_stateful,2,cli_generic_available,not_auto_tested_requires_manual_payload,
sfc,del_sfc,write_or_stateful,2,cli_generic_available,not_auto_tested_requires_manual_payload,
sfc,set_sfc,write_or_stateful,2,cli_generic_available,not_auto_tested_requires_manual_payload,
sfc,set_sfc_bypass,write_or_stateful,2,cli_generic_available,not_auto_tested_requires_manual_payload,
sfc,show_sfc,read,2,cli_generic_available,candidate_for_readonly_batch,
sfc_policy,add_sfc_policy,write_or_stateful,2,cli_generic_available,not_auto_tested_requires_manual_payload,
sfc_policy,del_sfc_policy,write_or_stateful,2,cli_generic_available,not_auto_tested_requires_manual_payload,
sfc_policy,del_sfc_policy_hitnum,write_or_stateful,4,cli_generic_available,not_auto_tested_requires_manual_payload,
sfc_policy,get_sfc_policy,read,2,cli_generic_available,candidate_for_readonly_batch,
sfc_policy,get_sfc_policy_filter,read,2,cli_generic_available,candidate_for_readonly_batch,
sfc_policy,get_sfc_policy_name,read,2,cli_generic_available,candidate_for_readonly_batch,
sfc_policy,set_move_sfc_policy_pri,write_or_stateful,2,cli_generic_available,not_auto_tested_requires_manual_payload,
sfc_policy,set_sfc_policy,write_or_stateful,2,cli_generic_available,not_auto_tested_requires_manual_payload,
sfc_policy,set_sfc_policy_state,write_or_stateful,2,cli_generic_available,not_auto_tested_requires_manual_payload,
sgrp,del_ha_group_conf,write_or_stateful,2,cli_generic_available,not_auto_tested_requires_manual_payload,
sgrp,get_ha_compare_cfg,read,2,cli_generic_available,candidate_for_readonly_batch,
sgrp,get_ha_global_config,read,2,cli_generic_available,candidate_for_readonly_batch,
sgrp,get_ha_group_id_list,read,2,cli_generic_available,candidate_for_readonly_batch,
sgrp,get_ha_group_list,read,2,cli_generic_available,candidate_for_readonly_batch,
sgrp,get_ha_track_bfd_list,read,2,cli_generic_available,candidate_for_readonly_batch,
sgrp,get_ha_track_if_list,read,2,cli_generic_available,candidate_for_readonly_batch,
sgrp,get_ha_track_ip_list,read,2,cli_generic_available,candidate_for_readonly_batch,
sgrp,get_ha_track_pnf_list,read,2,cli_generic_available,candidate_for_readonly_batch,
sgrp,set_ha_global_config,write_or_stateful,2,cli_generic_available,not_auto_tested_requires_manual_payload,
sgrp,set_ha_group_conf,write_or_stateful,2,cli_generic_available,not_auto_tested_requires_manual_payload,
sgrp,set_ha_group_demotion_force,write_or_stateful,2,cli_generic_available,not_auto_tested_requires_manual_payload,
sgrp,set_ha_group_trackbfd,write_or_stateful,1,cli_generic_available,not_auto_tested_requires_manual_payload,
sgrp,set_ha_group_trackif,write_or_stateful,2,cli_generic_available,not_auto_tested_requires_manual_payload,
sgrp,set_ha_group_trackip,write_or_stateful,3,cli_generic_available,not_auto_tested_requires_manual_payload,
sgrp,set_ha_group_trackpnf,write_or_stateful,2,cli_generic_available,not_auto_tested_requires_manual_payload,
sgrp,set_ha_sync_cfg_force,write_or_stateful,2,cli_generic_available,not_auto_tested_requires_manual_payload,
smac,get_smac_conf,read,2,cli_generic_available,candidate_for_readonly_batch,
smac,set_smac_conf,write_or_stateful,2,cli_generic_available,not_auto_tested_requires_manual_payload,
snmpagent,get_snmp_agent,read,2,cli_generic_available,candidate_for_readonly_batch,
snmpagent,set_snmp_agent,write_or_stateful,2,cli_generic_available,not_auto_tested_requires_manual_payload,
snmpv3usr,add_snmpv3usr,write_or_stateful,2,cli_generic_available,not_auto_tested_requires_manual_payload,
snmpv3usr,del_snmpv3usr,write_or_stateful,2,cli_generic_available,not_auto_tested_requires_manual_payload,
snmpv3usr,get_snmpv3usr,read,2,cli_generic_available,candidate_for_readonly_batch,
snmpv3usr,set_snmpv3usr,write_or_stateful,2,cli_generic_available,not_auto_tested_requires_manual_payload,
statistics,get_connection_monitor,read,8,cli_generic_available,candidate_for_readonly_batch,
statistics,get_cpu_usage,read,2,cli_generic_available,candidate_for_readonly_batch,
statistics,get_disk_usage,read,2,cli_generic_available,candidate_for_readonly_batch,
statistics,get_focus_focus,read,2,cli_generic_available,candidate_for_readonly_batch,
statistics,get_memory_usage,read,2,cli_generic_available,candidate_for_readonly_batch,
statistics,get_network_monitor,read,2,cli_generic_available,candidate_for_readonly_batch,
statistics,get_threat_monitor,read,2,cli_generic_available,candidate_for_readonly_batch,
statistics,get_threat_threats,read,2,cli_generic_available,candidate_for_readonly_batch,
sysconfig,export_sysconfig_ftp,write_or_stateful,2,cli_generic_available,not_auto_tested_requires_manual_payload,
sysconfig,import_sysconfig_ftp,write_or_stateful,2,cli_generic_available,not_auto_tested_requires_manual_payload,
sysconfig,set_save_sysconfig,write_or_stateful,2,cli_generic_available,not_auto_tested_requires_manual_payload,
syslog,add_syslog_server_config,write_or_stateful,2,cli_generic_available,not_auto_tested_requires_manual_payload,
syslog,del_syslog_server_config,write_or_stateful,2,cli_generic_available,not_auto_tested_requires_manual_payload,
syslog,get_syslog_server_config_all,read,2,cli_generic_available,candidate_for_readonly_batch,
syslog,get_syslog_server_config_one,read,2,cli_generic_available,candidate_for_readonly_batch,
syslog,get_syslog_server_list,read,2,cli_generic_available,candidate_for_readonly_batch,
syslog,set_syslog_server_config,write_or_stateful,2,cli_generic_available,not_auto_tested_requires_manual_payload,
system,get_system_hostname,read,1,cli_generic_available,candidate_for_readonly_batch,
system,set_system_time,write_or_stateful,2,cli_generic_available,not_auto_tested_requires_manual_payload,
system_advanced,get_sys_advanced_status,read,2,cli_generic_available,candidate_for_readonly_batch,
system_advanced,set_sys_advanced_status,write_or_stateful,2,cli_generic_available,not_auto_tested_requires_manual_payload,
threat_disposal,add_threat_disposal,write_or_stateful,17,cli_generic_available,not_auto_tested_requires_manual_payload,
threat_disposal,del_threat_disposal,write_or_stateful,15,cli_generic_available,not_auto_tested_requires_manual_payload,
threat_disposal,get_threat_disposal,read,2,cli_generic_available,candidate_for_readonly_batch,
threat_disposal,get_threat_disposal_statitics,read,2,cli_generic_available,candidate_for_readonly_batch,
threat_disposal,set_threat_disposal,write_or_stateful,34,cli_generic_available,not_auto_tested_requires_manual_payload,
trap,add_trap_server,write_or_stateful,2,cli_generic_available,not_auto_tested_requires_manual_payload,
trap,del_trap_server,write_or_stateful,2,cli_generic_available,not_auto_tested_requires_manual_payload,
trap,get_trap_server,read,2,cli_generic_available,candidate_for_readonly_batch,
trap,set_trap_server,write_or_stateful,2,cli_generic_available,not_auto_tested_requires_manual_payload,
url,set_auto_upgrade_immediately,write_or_stateful,1,cli_generic_available,not_auto_tested_requires_manual_payload,
vsys,get_vsys_info,read,2,cli_generic_available,candidate_for_readonly_batch,
vsys,get_vsys_info_specify,read,2,cli_generic_available,candidate_for_readonly_batch,
vsys,set_reset_vsys,write_or_stateful,2,cli_generic_available,not_auto_tested_requires_manual_payload,
vsys,set_vsys,write_or_stateful,4,cli_generic_available,not_auto_tested_requires_manual_payload,
waf,set_auto_upgrade_immediately,write_or_stateful,1,cli_generic_available,not_auto_tested_requires_manual_payload,
weakpwd,set_auto_upgrade_immediately,write_or_stateful,1,cli_generic_available,not_auto_tested_requires_manual_payload,
zone,add_zone,write_or_stateful,2,cli_generic_available,not_auto_tested_requires_manual_payload,
zone,del_zone,write_or_stateful,2,cli_generic_available,not_auto_tested_requires_manual_payload,
zone,get_zone_list,read,2,cli_generic_available,candidate_for_readonly_batch,
zone,set_zone,write_or_stateful,2,cli_generic_available,not_auto_tested_requires_manual_payload,
